<?xml version="1.0" encoding="utf-8" ?>
<dwsync>
<file name="header_bg.gif" server="E:/www/aleck/0905/html/" local="129597919520000000" remote="129597919520000000" />
<file name="head_bg.gif" server="E:/www/aleck/0905/html/" local="129597156160000000" remote="129597156160000000" />
<file name="top_link_bg.gif" server="E:/www/aleck/0905/html/" local="129597165280000000" remote="129597165280000000" />
<file name="top_link_bg_on.gif" server="E:/www/aleck/0905/html/" local="129597165520000000" remote="129597165520000000" />
<file name="icon_bg.gif" server="E:/www/aleck/0905/html/" local="129597211320000000" remote="129597211320000000" />
<file name="icon_bg_on.gif" server="E:/www/aleck/0905/html/" local="129597211460000000" remote="129597211460000000" />
<file name="msg_count_bg.png" server="E:/www/aleck/0905/html/" local="129597212300000000" remote="129597212300000000" />
<file name="icon_desc_bg.png" server="E:/www/aleck/0905/html/" local="129597872360000000" remote="129597872360000000" />
<file name="textbox_bg.gif" server="E:/www/aleck/0905/html/" local="129597185680000000" remote="129597185680000000" />
<file name="btn_search.gif" server="E:/www/aleck/0905/html/" local="129597185960000000" remote="129597185960000000" />
<file name="header_txt_bg.gif" server="E:/www/aleck/0905/html/" local="129597161280000000" remote="129597161280000000" />
<file name="fy_bg.png" server="E:/www/aleck/0905/html/" local="129597902980000000" remote="129597902980000000" />
<file name="zp_bg.png" server="E:/www/aleck/0905/html/" local="129597897080000000" remote="129597897080000000" />
<file name="gz_bg.png" server="E:/www/aleck/0905/html/" local="129597896480000000" remote="129597896480000000" />
<file name="bgz_bg.png" server="E:/www/aleck/0905/html/" local="129597897260000000" remote="129597897260000000" />
<file name="bottom_bg.gif" server="E:/www/aleck/0905/html/" local="129597870980000000" remote="129597870980000000" />
<file name="bottom_content_bg.gif" server="E:/www/aleck/0905/html/" local="129597869380000000" remote="129597869380000000" />
<file name="main_content_bg.gif" server="E:/www/aleck/0905/html/" local="129597915800000000" remote="129597915800000000" />
<file name="info_bg.gif" server="E:/www/aleck/0905/html/" local="129597948880000000" remote="129597948880000000" />
<file name="pl_info_bg.gif" server="E:/www/aleck/0905/html/" local="129597961380000000" remote="129597961380000000" />
<file name="pl_header_txt_bg.gif" server="E:/www/aleck/0905/html/" local="129597962740000000" remote="129597962740000000" />
<file name="pl_txt_box_bg.gif" server="E:/www/aleck/0905/html/" local="129597975820000000" remote="129597975820000000" />
<file name="gz_info_bg.gif" server="E:/www/aleck/0905/html/" local="129598015700000000" remote="129598015700000000" />
<file name="gz_nav_on.gif" server="E:/www/aleck/0905/html/" local="129598019620000000" remote="129598019620000000" />
<file name="gz_nav_r_on.gif" server="E:/www/aleck/0905/html/" local="129598027420000000" remote="129598027420000000" />
<file name="gz_user_name_bg.png" server="E:/www/aleck/0905/html/" local="129598739360000000" remote="129598739360000000" />
<file name="plb_bg.gif" server="E:/www/aleck/0905/html/" local="129598715500000000" remote="129598715500000000" />
<file name="ad_info_bg.gif" server="E:/www/aleck/0905/html/" local="129598766220000000" remote="129598766220000000" />
<file name="banner_f_bg.png" server="E:/www/aleck/0905/html/" local="129598773560000000" remote="129598773560000000" />
<file name="pos_out.gif" server="E:/www/aleck/0905/html/" local="129598781020000000" remote="129598781020000000" />
<file name="pos_on.gif" server="E:/www/aleck/0905/html/" local="129598774100000000" remote="129598774100000000" />
<file name="new_u_zp.gif" server="E:/www/aleck/0905/html/" local="129598854660000000" remote="129598854660000000" />
<file name="new_u_foot_bg.png" server="E:/www/aleck/0905/html/" local="129598836040000000" remote="129598836040000000" />
<file name="new_u_w_foot_bg.png" server="E:/www/aleck/0905/html/" local="129598836220000000" remote="129598836220000000" />
<file name="gzdt_bg.gif" server="E:/www/aleck/0905/html/" local="129598850740000000" remote="129598850740000000" />
<file name="gzdt_upload_box.png" server="E:/www/aleck/0905/html/" local="129598870780000000" remote="129598870780000000" />
<file name="pf_info_bg.gif" server="E:/www/aleck/0905/html/" local="129598896640000000" remote="129598896640000000" />
<file name="tmp_right.gif" server="E:/www/aleck/0905/html/" local="129598790740000000" remote="129598790740000000" />
<file name="logo.gif" server="E:/www/aleck/0905/html/" local="129597156360000000" remote="129597156360000000" />
<file name="icon_home.gif" server="E:/www/aleck/0905/html/" local="129597208340000000" remote="129597208340000000" />
<file name="icon_user.gif" server="E:/www/aleck/0905/html/" local="129597208980000000" remote="129597208980000000" />
<file name="icon_message.gif" server="E:/www/aleck/0905/html/" local="129597209240000000" remote="129597209240000000" />
<file name="icon_corner.gif" server="E:/www/aleck/0905/html/" local="129597210260000000" remote="129597210260000000" />
<file name="icon_speaker.gif" server="E:/www/aleck/0905/html/" local="129597889000000000" remote="129597889000000000" />
<file name="btn_create_account.gif" server="E:/www/aleck/0905/html/" local="129597949400000000" remote="129597949400000000" />
<file name="pl_pic1.gif" server="E:/www/aleck/0905/html/" local="129597976480000000" remote="129597976480000000" />
<file name="pos_line.gif" server="E:/www/aleck/0905/html/" local="129597962320000000" remote="129597962320000000" />
<file name="round_minus.gif" server="E:/www/aleck/0905/html/" local="129598018840000000" remote="129598018840000000" />
<file name="user_image.gif" server="E:/www/aleck/0905/html/" local="129598036080000000" remote="129598036080000000" />
<file name="round_plus.gif" server="E:/www/aleck/0905/html/" local="129598019020000000" remote="129598019020000000" />
<file name="plb_pic2.gif" server="E:/www/aleck/0905/html/" local="129598757900000000" remote="129598757900000000" />
<file name="plb_pic1.gif" server="E:/www/aleck/0905/html/" local="129598757540000000" remote="129598757540000000" />
<file name="ad_pic1.gif" server="E:/www/aleck/0905/html/" local="129598767060000000" remote="129598767060000000" />
<file name="banner_pic1.gif" server="E:/www/aleck/0905/html/" local="129598773000000000" remote="129598773000000000" />
<file name="icon_smile.gif" server="E:/www/aleck/0905/html/" local="129598807740000000" remote="129598807740000000" />
<file name="new_u_1.gif" server="E:/www/aleck/0905/html/" local="129598796480000000" remote="129598796480000000" />
<file name="icon_start_full.gif" server="E:/www/aleck/0905/html/" local="129598832960000000" remote="129598832960000000" />
<file name="icon_start_not.gif" server="E:/www/aleck/0905/html/" local="129598833220000000" remote="129598833220000000" />
<file name="icon_start_b.gif" server="E:/www/aleck/0905/html/" local="129598833600000000" remote="129598833600000000" />
<file name="new_u_6.gif" server="E:/www/aleck/0905/html/" local="129598795780000000" remote="129598795780000000" />
<file name="new_u_5.gif" server="E:/www/aleck/0905/html/" local="129598796000000000" remote="129598796000000000" />
<file name="new_u_7.gif" server="E:/www/aleck/0905/html/" local="129598796920000000" remote="129598796920000000" />
<file name="icon_eye.gif" server="E:/www/aleck/0905/html/" local="129598848260000000" remote="129598848260000000" />
<file name="last_upload.gif" server="E:/www/aleck/0905/html/" local="129598858800000000" remote="129598858800000000" />
<file name="gzdt_pic1.gif" server="E:/www/aleck/0905/html/" local="129598859100000000" remote="129598859100000000" />
<file name="gzdt_pic2.gif" server="E:/www/aleck/0905/html/" local="129598859300000000" remote="129598859300000000" />
<file name="gzdt_pic3.gif" server="E:/www/aleck/0905/html/" local="129598859460000000" remote="129598859460000000" />
<file name="gzdt_line.gif" server="E:/www/aleck/0905/html/" local="129598858580000000" remote="129598858580000000" />
<file name="gzdt_pic4.gif" server="E:/www/aleck/0905/html/" local="129598859620000000" remote="129598859620000000" />
<file name="gzdt_pic5.gif" server="E:/www/aleck/0905/html/" local="129598859820000000" remote="129598859820000000" />
<file name="icon_start_fav.gif" server="E:/www/aleck/0905/html/" local="129598900060000000" remote="129598900060000000" />
<file name="pf_pic1.gif" server="E:/www/aleck/0905/html/" local="129598895520000000" remote="129598895520000000" />
<file name="back_to_top.gif" server="E:/www/aleck/0905/html/" local="129597914400000000" remote="129597914400000000" />
<file name="bottom_banner.gif" server="E:/www/aleck/0905/html/" local="129597921440000000" remote="129597921440000000" />
<file name="pic_link_1.gif" server="E:/www/aleck/0905/html/" local="129597928080000000" remote="129597928080000000" />
<file name="pic_link_2.gif" server="E:/www/aleck/0905/html/" local="129597928320000000" remote="129597928320000000" />
<file name="pic_link_3.gif" server="E:/www/aleck/0905/html/" local="129597928540000000" remote="129597928540000000" />
<file name="pic_link_4.gif" server="E:/www/aleck/0905/html/" local="129597928760000000" remote="129597928760000000" />
<file name="pic_link_5.gif" server="E:/www/aleck/0905/html/" local="129597928920000000" remote="129597928920000000" />
<file name="pic_link_6.gif" server="E:/www/aleck/0905/html/" local="129597929100000000" remote="129597929100000000" />
<file name="pic_link_7.gif" server="E:/www/aleck/0905/html/" local="129597929320000000" remote="129597929320000000" />
<file name="pic_link_8.gif" server="E:/www/aleck/0905/html/" local="129597929540000000" remote="129597929540000000" />
<file name="pic_link_9.gif" server="E:/www/aleck/0905/html/" local="129597929820000000" remote="129597929820000000" />
<file name="tz_bg.gif" server="E:/www/aleck/0905/html/" local="129600245657759094" remote="129600245650000000" />
<file name="rmtz_info_bg.gif" server="E:/www/aleck/0905/html/" local="129600312919446961" remote="129600312910000000" />
<file name="rmtz_txt_bg1.gif" server="E:/www/aleck/0905/html/" local="129600298481605694" remote="129600298480000000" />
<file name="rmtz_info_header_bg.gif" server="E:/www/aleck/0905/html/" local="129600386288312130" remote="129600386280000000" />
<file name="rmtz_txt_bg2.gif" server="E:/www/aleck/0905/html/" local="129600296012024609" remote="129600296010000000" />
<file name="rmtz_txt_box_bg.gif" server="E:/www/aleck/0905/html/" local="129600296752966821" remote="129600296750000000" />
<file name="rmtz_txt_bg3.gif" server="E:/www/aleck/0905/html/" local="129600295546377976" remote="129600295540000000" />
<file name="icon_tz.gif" server="E:/www/aleck/0905/html/" local="129600249757737020" remote="129600249750000000" />
<file name="tz_info_pic1.gif" server="E:/www/aleck/0905/html/" local="129600285867440623" remote="129600285860000000" />
<file name="right_ad.gif" server="E:/www/aleck/0905/html/" local="129600291570532640" remote="129600291570000000" />
<file name="rmtz_pic1.gif" server="E:/www/aleck/0905/html/" local="129600329670328621" remote="129600329670000000" />
<file name="rmtz_line.gif" server="E:/www/aleck/0905/html/" local="129600346760622893" remote="129600346760000000" />
<file name="st_txt_bg.gif" server="E:/www/aleck/0905/html/" local="129600386577118649" remote="129600386570000000" />
<file name="rmtg_info_bg.gif" server="E:/www/aleck/0905/html/" local="129600355980199877" remote="129600355980000000" />
<file name="reb_info_bg.gif" server="E:/www/aleck/0905/html/" local="129600429862957248" remote="129600429860000000" />
<file name="btn_reg.gif" server="E:/www/aleck/0905/html/" local="129600449617307132" remote="129600449610000000" />
<file name="login_info_bg.gif" server="E:/www/aleck/0905/html/" local="129600452435808341" remote="129600452430000000" />
<file name="reg_line.gif" server="E:/www/aleck/0905/html/" local="129600433228579751" remote="129600433220000000" />
<file name="login_box.png" server="E:/www/aleck/0905/html/" local="129600459176213871" remote="129600459170000000" />
<file name="btn_login.gif" server="E:/www/aleck/0905/html/" local="129600464111656162" remote="129600464110000000" />
<file name="userinfo_bg.gif" server="E:/www/aleck/0905/html/" local="129600498687963813" remote="129600498680000000" />
<file name="user_info_name_bg.gif" server="E:/www/aleck/0905/html/" local="129600486254402654" remote="129600486250000000" />
<file name="right_col_head.gif" server="E:/www/aleck/0905/html/" local="129600529634323844" remote="129600529630000000" />
<file name="right_col_head_on.gif" server="E:/www/aleck/0905/html/" local="129600530050087624" remote="129600530050000000" />
<file name="right_col_main.gif" server="E:/www/aleck/0905/html/" local="129600552316621197" remote="129600552310000000" />
<file name="right_col_main_on.gif" server="E:/www/aleck/0905/html/" local="129600548850872968" remote="129600548850000000" />
<file name="user_pic1.gif" server="E:/www/aleck/0905/html/" local="129600486086373044" remote="129600486080000000" />
<file name="icon_setting.gif" server="E:/www/aleck/0905/html/" local="129600495319981176" remote="129600495310000000" />
<file name="user_info_icon1.gif" server="E:/www/aleck/0905/html/" local="129600506845130377" remote="129600506840000000" />
<file name="right_pos.gif" server="E:/www/aleck/0905/html/" local="129600500393241350" remote="129600500390000000" />
<file name="user_pos_line.gif" server="E:/www/aleck/0905/html/" local="129600508141084501" remote="129600508140000000" />
<file name="rmtz_num_bg.png" server="E:/www/aleck/0905/html/" local="129600298213430355" remote="129600298210000000" />
<file name="box_user_bg.gif" server="E:/www/aleck/0905/html/" local="129600563391564648" remote="129600563390000000" />
<file name="usre_pic2.gif" server="E:/www/aleck/0905/html/" local="129600565192497655" remote="129600565190000000" />
<file name="djdt_pic1.gif" server="E:/www/aleck/0905/html/" local="129600573694893964" remote="129600573690000000" />
<file name="djdt_pic2.gif" server="E:/www/aleck/0905/html/" local="129600572213359225" remote="129600572210000000" />
<file name="djdt_pic3.gif" server="E:/www/aleck/0905/html/" local="129600573578027280" remote="129600573570000000" />
<file name="djdt_pic4.gif" server="E:/www/aleck/0905/html/" local="129600573469361065" remote="129600573460000000" />
<file name="djdt_pic5.gif" server="E:/www/aleck/0905/html/" local="129600573356084586" remote="129600573350000000" />
<file name="nav_left.gif" server="E:/www/aleck/0905/html/" local="129600583746118862" remote="129600583740000000" />
<file name="nav_right.gif" server="E:/www/aleck/0905/html/" local="129600583839524204" remote="129600583830000000" />
</dwsync>